filing_id,symbol,company_name,exchange,filed_at,headline,category,event_type,event_direction,event_summary,freshness_tag,quality_score,urgency_score,deal_size_inr,contextual_tags,gap_pct,rsi_7_pre,rsi_14_pre,vol_spike_5d,vol_spike_20d,vwap_delta_t0,atr_rel_range,intraday_anchor_open,intraday_anchor_vwap5,ret_t0_15min_open,ret_t0_15min_vwap,ret_t0_30min_open,ret_t0_30min_vwap,ret_t0_1h_open,ret_t0_1h_vwap,ret_t0_day,ret_t1_day,ret_t3_day,ret_t5_day,price_t_minus_1,price_t0_close,price_t1_close,price_t3_close,price_t5_close,sector_rel_return,market_rel_return,sector_alpha,sector_alpha_tercile
1,LT,Larsen & Toubro Limited,NSE,2026-04-23T09:38:24+05:30,Bagging/Receiving of orders/contracts,Engineering,UNKNOWN,NEUTRAL,Groq unavailable,WARM,49.0,0.0,,WARM_FILING|CAT_UNKNOWN,,,,,,,,4009.9,3991.6437,0.3018,0.7605,0.4514,0.9108,0.6933,1.1538,0.7196,,,,4016.0,4044.9,,,,,,,UNKNOWN
2,COFORGE,Coforge Limited,NSE,2026-04-23T10:09:46+05:30,Press Release,,UNKNOWN,NEUTRAL,Groq unavailable,FRESH,49.0,0.0,,FRESH_FILING|CAT_UNKNOWN,,,,,,,,1237.5,1235.8179,-0.4444,-0.3089,-0.404,-0.2685,0.0404,0.1766,-0.0889,,,,1237.7,1236.6,,,,,,,UNKNOWN
3,JSL,Jindal Stainless Limited,NSE,2026-04-23T08:29:58+05:30,Press Release,Steel And Steel Products,UNKNOWN,NEUTRAL,Groq unavailable,WARM,49.0,0.0,,WARM_FILING|CAT_UNKNOWN|OPEN_VWAP_DIVERGENCE,,,,,,,,789.0,784.3252,-0.7414,-0.1498,-0.9379,-0.3475,-0.9125,-0.322,-0.9892,,,,783.5,775.75,,,,,,,UNKNOWN
5,DYNAMATECH,Dynamatic Technologies Limited,NSE,2026-04-23T06:24:36+05:30,Press Release,Compressors / Pumps,UNKNOWN,NEUTRAL,Groq unavailable,WARM,49.0,0.0,,WARM_FILING|CAT_UNKNOWN,,,,,,,,11425.5,11439.4057,1.2166,1.0935,1.2385,1.1154,1.1334,1.0105,0.6428,,,,11590.0,11664.5,,,,,,,UNKNOWN
6,SARLAPOLY,Sarla Performance Fibers Limited,NSE,2026-04-22T23:50:51+05:30,Outcome of Board Meeting,Textiles - Synthetic,UNKNOWN,NEUTRAL,Groq unavailable,WARM,49.0,0.0,,WARM_FILING|CAT_UNKNOWN|OPEN_VWAP_DIVERGENCE,,,,,,,,90.0,88.8079,1.7778,3.144,1.3333,2.6936,1.1889,2.5472,-8.8889,,,,99.0,90.2,,,,,,,UNKNOWN
7,VSTIND,VST Industries Limited,NSE,2026-04-23T09:52:17+05:30,Change in Management,Cigarettes,UNKNOWN,NEUTRAL,Groq unavailable,FRESH,49.0,0.0,,FRESH_FILING|CAT_UNKNOWN,,,,,,,,262.87,262.4058,-0.4451,-0.269,0.1408,0.3179,0.175,0.3522,-0.625,,,,264.0,262.35,,,,,,,UNKNOWN
8,SHILPAMED,Shilpa Medicare Limited,NSE,2026-04-23T09:20:52+05:30,Change in Management,Pharmaceuticals,UNKNOWN,NEUTRAL,Groq unavailable,WARM,49.0,0.0,,WARM_FILING|CAT_UNKNOWN|OPEN_VWAP_DIVERGENCE,,,,,,,,407.9,410.4836,2.1574,1.5144,5.1361,4.4743,3.1258,2.4767,3.6165,,,,412.0,426.9,,,,,,,UNKNOWN
13,STEELXIND,STEEL EXCHANGE INDIA LIMITED,NSE,2026-04-23T09:56:06+05:30,Updates,,UNKNOWN,NEUTRAL,Groq unavailable,FRESH,49.0,0.0,,FRESH_FILING|CAT_UNKNOWN|OPEN_VWAP_DIVERGENCE,,,,,,,,10.4,10.2491,1.8269,3.3261,-0.3846,1.082,0.0,1.4723,2.2201,,,,10.36,10.59,,,,,,,UNKNOWN
14,CIPLA,Cipla Limited,NSE,2026-04-23T09:48:27+05:30,General Updates,Pharmaceuticals,UNKNOWN,NEUTRAL,Groq unavailable,FRESH,49.0,0.0,,FRESH_FILING|CAT_UNKNOWN|OPEN_VWAP_DIVERGENCE,,,,,,,,1234.1,1244.1409,1.5315,0.7121,3.4114,2.5768,4.7403,3.895,4.0355,,,,1239.0,1289.0,,,,,,,UNKNOWN
15,KPEL,K.P. Energy Limited,NSE,2026-04-23T09:32:27+05:30,Updates,,UNKNOWN,NEUTRAL,Groq unavailable,WARM,49.0,0.0,,WARM_FILING|CAT_UNKNOWN|OPEN_VWAP_DIVERGENCE,,,,,,,,353.6,360.3197,2.155,0.2499,5.6109,3.6413,4.3863,2.4396,4.1822,,,,354.6,369.43,,,,,,,UNKNOWN
17,GLOTTIS,Glottis Limited,NSE,2026-04-23T00:00:08+05:30,General Updates,,UNKNOWN,NEUTRAL,Groq unavailable,WARM,49.0,0.0,,WARM_FILING|CAT_UNKNOWN|OPEN_VWAP_DIVERGENCE,,,,,,,,60.5,59.9968,-2.3471,-1.5281,-2.1322,-1.3114,-2.4793,-1.6614,-1.5755,,,,60.3,59.35,,,,,,,UNKNOWN
19,SHYAMMETL,Shyam Metalics and Energy Limited,NSE,2026-04-23T11:13:54+05:30,Press Release,,ERROR,NEUTRAL,"Classification error: Error code: 429 - {'error': {'message': 'Rate limit reached for model `llama-3.3-70b-versatile` in organization `org_01kmqddqrve9wrn9d2qncqpjbt` service tier `on_demand` on tokens per day (TPD): Limit 100000, Used 99931, Requested 579. Please try again in 7m20.64s. Need more tokens? Upgrade to Dev Tier today at https://console.groq.com/settings/billing', 'type': 'tokens', 'code': 'rate_limit_exceeded'}}",WARM,49.0,0.0,,WARM_FILING|CAT_ERROR,,,,,,,,808.0,808.9726,0.4703,0.3495,0.526,0.4051,-0.0743,-0.1944,2.0649,,,,813.6,830.4,,,,,,,UNKNOWN
20,JAIPURKURT,Nandani Creation Limited,NSE,2026-04-23T11:02:12+05:30,Press Release,,ERROR,NEUTRAL,"Classification error: Error code: 429 - {'error': {'message': 'Rate limit reached for model `llama-3.3-70b-versatile` in organization `org_01kmqddqrve9wrn9d2qncqpjbt` service tier `on_demand` on tokens per day (TPD): Limit 100000, Used 99931, Requested 579. Please try again in 7m20.64s. Need more tokens? Upgrade to Dev Tier today at https://console.groq.com/settings/billing', 'type': 'tokens', 'code': 'rate_limit_exceeded'}}",WARM,49.0,0.0,,WARM_FILING|CAT_ERROR|OPEN_VWAP_DIVERGENCE,,,,,,,,31.6,31.0035,-0.3481,1.5692,-0.6013,1.3111,-1.2342,0.6661,7.0933,,,,31.72,33.97,,,,,,,UNKNOWN
21,DEVIT,Dev Information Technology Limited,NSE,2026-04-23T10:55:18+05:30,Press Release,,ERROR,NEUTRAL,"Classification error: Error code: 429 - {'error': {'message': 'Rate limit reached for model `llama-3.3-70b-versatile` in organization `org_01kmqddqrve9wrn9d2qncqpjbt` service tier `on_demand` on tokens per day (TPD): Limit 100000, Used 99930, Requested 576. Please try again in 7m17.184s. Need more tokens? Upgrade to Dev Tier today at https://console.groq.com/settings/billing', 'type': 'tokens', 'code': 'rate_limit_exceeded'}}",WARM,49.0,0.0,,WARM_FILING|CAT_ERROR|OPEN_VWAP_DIVERGENCE,,,,,,,,32.99,32.6981,-1.5762,-0.6976,-2.7281,-1.8597,-3.9103,-3.0525,4.5981,,,,32.84,34.35,,,,,,,UNKNOWN
22,PATELENG,Patel Engineering Limited,NSE,2026-04-23T10:48:16+05:30,Press Release,Construction,ERROR,NEUTRAL,"Classification error: Error code: 429 - {'error': {'message': 'Rate limit reached for model `llama-3.3-70b-versatile` in organization `org_01kmqddqrve9wrn9d2qncqpjbt` service tier `on_demand` on tokens per day (TPD): Limit 100000, Used 99930, Requested 433. Please try again in 5m13.632s. Need more tokens? Upgrade to Dev Tier today at https://console.groq.com/settings/billing', 'type': 'tokens', 'code': 'rate_limit_exceeded'}}",WARM,49.0,0.0,,WARM_FILING|CAT_ERROR,,,,,,,,28.4,28.4385,1.2324,1.0953,2.5352,2.3964,1.0563,0.9195,0.9174,,,,28.34,28.6,,,,,,,UNKNOWN
24,OMAXE,Omaxe Limited,NSE,2026-04-23T11:46:02+05:30,Granting/withdrawal/surrender/cancellation/suspension of key licenses/ regulatory approvals,Construction,ERROR,NEUTRAL,"Classification error: Error code: 429 - {'error': {'message': 'Rate limit reached for model `llama-3.3-70b-versatile` in organization `org_01kmqddqrve9wrn9d2qncqpjbt` service tier `on_demand` on tokens per day (TPD): Limit 100000, Used 99930, Requested 594. Please try again in 7m32.736s. Need more tokens? Upgrade to Dev Tier today at https://console.groq.com/settings/billing', 'type': 'tokens', 'code': 'rate_limit_exceeded'}}",FRESH,49.0,0.0,,FRESH_FILING|CAT_ERROR,,,,,,,,82.75,82.62,-0.7613,-0.6052,-0.9184,-0.7625,-1.4018,-1.2467,4.4578,,,,83.0,86.7,,,,,,,UNKNOWN
25,M&MFIN,Mahindra & Mahindra Financial Services Limited,NSE,2026-04-23T11:42:22+05:30,Credit Rating- Others,Finance,ERROR,NEUTRAL,"Classification error: Error code: 429 - {'error': {'message': 'Rate limit reached for model `llama-3.3-70b-versatile` in organization `org_01kmqddqrve9wrn9d2qncqpjbt` service tier `on_demand` on tokens per day (TPD): Limit 100000, Used 99930, Requested 434. Please try again in 5m14.496s. Need more tokens? Upgrade to Dev Tier today at https://console.groq.com/settings/billing', 'type': 'tokens', 'code': 'rate_limit_exceeded'}}",FRESH,49.0,0.0,,FRESH_FILING|CAT_ERROR,,,,,,,,297.8,297.0633,-0.1343,0.1133,0.0168,0.2648,-0.0504,0.1975,-1.8592,,,,301.2,295.6,,,,,,,UNKNOWN
27,DALMIASUG,Dalmia Bharat Sugar and Industries Limited,NSE,2026-04-23T10:39:35+05:30,Pendency of Litigation(s)/dispute(s) or the outcome impacting the Company,Sugar,ERROR,NEUTRAL,"Classification error: Error code: 429 - {'error': {'message': 'Rate limit reached for model `llama-3.3-70b-versatile` in organization `org_01kmqddqrve9wrn9d2qncqpjbt` service tier `on_demand` on tokens per day (TPD): Limit 100000, Used 99930, Requested 593. Please try again in 7m31.872s. Need more tokens? Upgrade to Dev Tier today at https://console.groq.com/settings/billing', 'type': 'tokens', 'code': 'rate_limit_exceeded'}}",WARM,49.0,0.0,,WARM_FILING|CAT_ERROR|OPEN_VWAP_DIVERGENCE,,,,,,,,406.0,408.7052,1.4778,0.8062,0.4926,-0.1725,0.3079,-0.3561,1.4728,,,,404.0,409.95,,,,,,,UNKNOWN
28,TICL,Twamev Construction and Infrastructure Limited,NSE,2026-04-23T10:31:34+05:30,Demise,,ERROR,NEUTRAL,"Classification error: Error code: 429 - {'error': {'message': 'Rate limit reached for model `llama-3.3-70b-versatile` in organization `org_01kmqddqrve9wrn9d2qncqpjbt` service tier `on_demand` on tokens per day (TPD): Limit 100000, Used 99930, Requested 432. Please try again in 5m12.768s. Need more tokens? Upgrade to Dev Tier today at https://console.groq.com/settings/billing', 'type': 'tokens', 'code': 'rate_limit_exceeded'}}",WARM,49.0,0.0,,WARM_FILING|CAT_ERROR|OPEN_VWAP_DIVERGENCE,,,,,,,,21.3,21.0508,0.4225,1.6113,-0.4695,0.7088,-0.7512,0.4237,0.2347,,,,21.3,21.35,,,,,,,UNKNOWN
29,MASFIN,MAS Financial Services Limited,NSE,2026-04-23T11:43:26+05:30,Analysts/Institutional Investor Meet/Con. Call Updates,,ERROR,NEUTRAL,"Classification error: Error code: 429 - {'error': {'message': 'Rate limit reached for model `llama-3.3-70b-versatile` in organization `org_01kmqddqrve9wrn9d2qncqpjbt` service tier `on_demand` on tokens per day (TPD): Limit 100000, Used 99930, Requested 587. Please try again in 7m26.688s. Need more tokens? Upgrade to Dev Tier today at https://console.groq.com/settings/billing', 'type': 'tokens', 'code': 'rate_limit_exceeded'}}",FRESH,49.0,0.0,,FRESH_FILING|CAT_ERROR,,,,,,,,323.6,323.6557,0.0618,0.0446,-0.0927,-0.1099,-0.2472,-0.2644,0.0,,,,320.0,320.0,,,,,,,UNKNOWN
30,GLOBUSSPR,Globus Spirits Limited,NSE,2026-04-23T11:34:05+05:30,Analysts/Institutional Investor Meet/Con. Call Updates,Brew/Distilleries,ERROR,NEUTRAL,"Classification error: Error code: 429 - {'error': {'message': 'Rate limit reached for model `llama-3.3-70b-versatile` in organization `org_01kmqddqrve9wrn9d2qncqpjbt` service tier `on_demand` on tokens per day (TPD): Limit 100000, Used 99930, Requested 594. Please try again in 7m32.736s. Need more tokens? Upgrade to Dev Tier today at https://console.groq.com/settings/billing', 'type': 'tokens', 'code': 'rate_limit_exceeded'}}",FRESH,49.0,0.0,,FRESH_FILING|CAT_ERROR,,,,,,,,1031.8,1032.1215,-0.2714,-0.3024,0.6009,0.5696,-0.2278,-0.2588,0.5043,,,,1021.2,1026.35,,,,,,,UNKNOWN
31,CEWATER,Concord Enviro Systems Limited,NSE,2026-04-23T11:29:35+05:30,General Updates,,ERROR,NEUTRAL,"Classification error: Error code: 429 - {'error': {'message': 'Rate limit reached for model `llama-3.3-70b-versatile` in organization `org_01kmqddqrve9wrn9d2qncqpjbt` service tier `on_demand` on tokens per day (TPD): Limit 100000, Used 99930, Requested 577. Please try again in 7m18.048s. Need more tokens? Upgrade to Dev Tier today at https://console.groq.com/settings/billing', 'type': 'tokens', 'code': 'rate_limit_exceeded'}}",FRESH,49.0,0.0,,FRESH_FILING|CAT_ERROR,,,,,,,,324.65,325.3484,0.4774,0.2618,-0.2618,-0.4759,-0.0154,-0.23,0.3814,,,,327.75,329.0,,,,,,,UNKNOWN
32,BAJAJELEC,Bajaj Electricals Limited,NSE,2026-04-23T11:09:04+05:30,General Updates,Consumer Durables,ERROR,NEUTRAL,"Classification error: Error code: 429 - {'error': {'message': 'Rate limit reached for model `llama-3.3-70b-versatile` in organization `org_01kmqddqrve9wrn9d2qncqpjbt` service tier `on_demand` on tokens per day (TPD): Limit 100000, Used 99930, Requested 581. Please try again in 7m21.504s. Need more tokens? Upgrade to Dev Tier today at https://console.groq.com/settings/billing', 'type': 'tokens', 'code': 'rate_limit_exceeded'}}",WARM,49.0,0.0,,WARM_FILING|CAT_ERROR,,,,,,,,397.0,397.1476,-0.3652,-0.4023,-0.3904,-0.4274,-0.2519,-0.289,-0.4653,,,,397.6,395.75,,,,,,,UNKNOWN
33,IDEAFORGE,Ideaforge Technology Limited,NSE,2026-04-23T10:59:59+05:30,Analysts/Institutional Investor Meet/Con. Call Updates,,ERROR,NEUTRAL,"Classification error: Error code: 429 - {'error': {'message': 'Rate limit reached for model `llama-3.3-70b-versatile` in organization `org_01kmqddqrve9wrn9d2qncqpjbt` service tier `on_demand` on tokens per day (TPD): Limit 100000, Used 99930, Requested 589. Please try again in 7m28.416s. Need more tokens? Upgrade to Dev Tier today at https://console.groq.com/settings/billing', 'type': 'tokens', 'code': 'rate_limit_exceeded'}}",WARM,49.0,0.0,,WARM_FILING|CAT_ERROR|OPEN_VWAP_DIVERGENCE,,,,,,,,546.1,541.0085,-0.9339,-0.0016,-1.6389,-0.7132,-1.9593,-1.0367,-1.4181,,,,539.45,531.8,,,,,,,UNKNOWN
34,AYE,Aye Finance Limited,NSE,2026-04-23T10:59:10+05:30,Analysts/Institutional Investor Meet/Con. Call Updates,,ERROR,NEUTRAL,"Classification error: Error code: 429 - {'error': {'message': 'Rate limit reached for model `llama-3.3-70b-versatile` in organization `org_01kmqddqrve9wrn9d2qncqpjbt` service tier `on_demand` on tokens per day (TPD): Limit 100000, Used 99930, Requested 442. Please try again in 5m21.408s. Need more tokens? Upgrade to Dev Tier today at https://console.groq.com/settings/billing', 'type': 'tokens', 'code': 'rate_limit_exceeded'}}",WARM,49.0,0.0,,WARM_FILING|CAT_ERROR,,,,,,,,137.5,138.1668,1.0836,0.5958,-0.2691,-0.7504,-0.8073,-1.286,-2.1583,,,,139.0,136.0,,,,,,,UNKNOWN
35,JKCEMENT,JK Cement Limited,NSE,2026-04-23T10:42:42+05:30,General Updates,Cement And Cement Products,ERROR,NEUTRAL,"Classification error: Error code: 429 - {'error': {'message': 'Rate limit reached for model `llama-3.3-70b-versatile` in organization `org_01kmqddqrve9wrn9d2qncqpjbt` service tier `on_demand` on tokens per day (TPD): Limit 100000, Used 99930, Requested 580. Please try again in 7m20.64s. Need more tokens? Upgrade to Dev Tier today at https://console.groq.com/settings/billing', 'type': 'tokens', 'code': 'rate_limit_exceeded'}}",WARM,49.0,0.0,,WARM_FILING|CAT_ERROR,,,,,,,,5889.0,5860.789,-1.0698,-0.5936,-1.2651,-0.7898,-0.7811,-0.3035,-1.7288,,,,5900.0,5798.0,,,,,,,UNKNOWN
36,CRAMC,Canara Robeco Asset Management Company Limited,NSE,2026-04-23T10:34:37+05:30,Analysts/Institutional Investor Meet/Con. Call Updates,,ERROR,NEUTRAL,"Classification error: Error code: 429 - {'error': {'message': 'Rate limit reached for model `llama-3.3-70b-versatile` in organization `org_01kmqddqrve9wrn9d2qncqpjbt` service tier `on_demand` on tokens per day (TPD): Limit 100000, Used 99930, Requested 588. Please try again in 7m27.551999999s. Need more tokens? Upgrade to Dev Tier today at https://console.groq.com/settings/billing', 'type': 'tokens', 'code': 'rate_limit_exceeded'}}",WARM,49.0,0.0,,WARM_FILING|CAT_ERROR|OPEN_VWAP_DIVERGENCE,,,,,,,,288.0,290.7171,0.5729,-0.3671,0.6007,-0.3395,0.6771,-0.2639,-1.3322,,,,289.0,285.15,,,,,,,UNKNOWN
37,BEL,Bharat Electronics Limited,NSE,2026-04-23T11:47:16+05:30,Cessation,Electronics - Industrial,ERROR,NEUTRAL,"Classification error: Error code: 429 - {'error': {'message': 'Rate limit reached for model `llama-3.3-70b-versatile` in organization `org_01kmqddqrve9wrn9d2qncqpjbt` service tier `on_demand` on tokens per day (TPD): Limit 100000, Used 99784, Requested 433. Please try again in 3m7.488s. Need more tokens? Upgrade to Dev Tier today at https://console.groq.com/settings/billing', 'type': 'tokens', 'code': 'rate_limit_exceeded'}}",FRESH,49.0,0.0,,FRESH_FILING|CAT_ERROR,,,,,,,,446.15,446.481,0.2466,0.1722,0.4371,0.3626,-0.1681,-0.2421,-0.1003,,,,448.8,448.35,,,,,,,UNKNOWN
38,DIFFNKG,Diffusion Engineers Limited,NSE,2026-04-23T12:51:30+05:30,Bagging/Receiving of orders/contracts,,ERROR,NEUTRAL,"Classification error: Error code: 429 - {'error': {'message': 'Rate limit reached for model `llama-3.3-70b-versatile` in organization `org_01kmqddqrve9wrn9d2qncqpjbt` service tier `on_demand` on tokens per day (TPD): Limit 100000, Used 99884, Requested 584. Please try again in 6m44.352s. Need more tokens? Upgrade to Dev Tier today at https://console.groq.com/settings/billing', 'type': 'tokens', 'code': 'rate_limit_exceeded'}}",FRESH,49.0,0.0,,FRESH_FILING|CAT_ERROR,,,,,,,,311.1,311.11,0.0836,0.0804,0.4757,0.4725,0.2893,0.2861,1.3195,,,,313.0,317.13,,,,,,,UNKNOWN
40,UNIONBANK,Union Bank of India,NSE,2026-04-23T13:07:44+05:30,Dividend,Banks,ERROR,NEUTRAL,"Classification error: Error code: 429 - {'error': {'message': 'Rate limit reached for model `llama-3.3-70b-versatile` in organization `org_01kmqddqrve9wrn9d2qncqpjbt` service tier `on_demand` on tokens per day (TPD): Limit 100000, Used 99884, Requested 440. Please try again in 4m39.936s. Need more tokens? Upgrade to Dev Tier today at https://console.groq.com/settings/billing', 'type': 'tokens', 'code': 'rate_limit_exceeded'}}",FRESH,49.0,0.0,,FRESH_FILING|CAT_ERROR,,,,,,,,190.08,189.9661,-0.0421,0.0178,0.5734,0.6337,-0.0684,-0.0085,-5.7128,,,,194.3,183.2,,,,,,,UNKNOWN
41,SOLEX,Solex Energy Limited,NSE,2026-04-23T13:06:13+05:30,Press Release,,ERROR,NEUTRAL,"Classification error: Error code: 429 - {'error': {'message': 'Rate limit reached for model `llama-3.3-70b-versatile` in organization `org_01kmqddqrve9wrn9d2qncqpjbt` service tier `on_demand` on tokens per day (TPD): Limit 100000, Used 99883, Requested 576. Please try again in 6m36.576s. Need more tokens? Upgrade to Dev Tier today at https://console.groq.com/settings/billing', 'type': 'tokens', 'code': 'rate_limit_exceeded'}}",FRESH,49.0,0.0,,FRESH_FILING|CAT_ERROR,,,,,,,,1329.7,1328.7911,-0.2444,-0.1762,-0.1579,-0.0896,0.7746,0.8435,-0.8216,,,,1345.0,1333.95,,,,,,,UNKNOWN
42,SRGHFL,SRG Housing Finance Limited,NSE,2026-04-23T12:56:46+05:30,Outcome of Board Meeting,,ERROR,NEUTRAL,"Classification error: Error code: 429 - {'error': {'message': 'Rate limit reached for model `llama-3.3-70b-versatile` in organization `org_01kmqddqrve9wrn9d2qncqpjbt` service tier `on_demand` on tokens per day (TPD): Limit 100000, Used 99883, Requested 579. Please try again in 6m39.168s. Need more tokens? Upgrade to Dev Tier today at https://console.groq.com/settings/billing', 'type': 'tokens', 'code': 'rate_limit_exceeded'}}",FRESH,49.0,0.0,,FRESH_FILING|CAT_ERROR,,,,,,,,281.57,281.57,2.9904,2.9904,2.9904,2.9904,0.1882,0.1882,-1.6955,,,,294.9,289.9,,,,,,,UNKNOWN
44,UNIDT,United Drilling Tools Limited,NSE,2026-04-23T12:39:05+05:30,Press Release,,ERROR,NEUTRAL,"Classification error: Error code: 429 - {'error': {'message': 'Rate limit reached for model `llama-3.3-70b-versatile` in organization `org_01kmqddqrve9wrn9d2qncqpjbt` service tier `on_demand` on tokens per day (TPD): Limit 100000, Used 99883, Requested 577. Please try again in 6m37.44s. Need more tokens? Upgrade to Dev Tier today at https://console.groq.com/settings/billing', 'type': 'tokens', 'code': 'rate_limit_exceeded'}}",FRESH,49.0,0.0,,FRESH_FILING|CAT_ERROR,,,,,,,,213.05,213.72,0.3943,0.0795,-0.399,-0.7112,-0.2347,-0.5474,0.7539,,,,214.88,216.5,,,,,,,UNKNOWN
45,SIMPLEXINF,Simplex Infrastructures Limited,NSE,2026-04-23T13:01:43+05:30,Shareholders meeting,Construction,ERROR,NEUTRAL,"Classification error: Error code: 429 - {'error': {'message': 'Rate limit reached for model `llama-3.3-70b-versatile` in organization `org_01kmqddqrve9wrn9d2qncqpjbt` service tier `on_demand` on tokens per day (TPD): Limit 100000, Used 99883, Requested 578. Please try again in 6m38.304s. Need more tokens? Upgrade to Dev Tier today at https://console.groq.com/settings/billing', 'type': 'tokens', 'code': 'rate_limit_exceeded'}}",FRESH,49.0,0.0,,FRESH_FILING|CAT_ERROR,,,,,,,,225.43,225.43,-0.1553,-0.1553,0.2085,0.2085,-0.275,-0.275,1.4453,,,,222.1,225.31,,,,,,,UNKNOWN
46,JKTYRE,JK Tyre & Industries Limited,NSE,2026-04-23T12:46:43+05:30,Shareholders meeting,Tyres,ERROR,NEUTRAL,"Classification error: Error code: 429 - {'error': {'message': 'Rate limit reached for model `llama-3.3-70b-versatile` in organization `org_01kmqddqrve9wrn9d2qncqpjbt` service tier `on_demand` on tokens per day (TPD): Limit 100000, Used 99883, Requested 579. Please try again in 6m39.168s. Need more tokens? Upgrade to Dev Tier today at https://console.groq.com/settings/billing', 'type': 'tokens', 'code': 'rate_limit_exceeded'}}",FRESH,49.0,0.0,,FRESH_FILING|CAT_ERROR,,,,,,,,422.0,422.0853,0.0829,0.0627,0.0829,0.0627,-0.1659,-0.1861,-1.2398,,,,427.5,422.2,,,,,,,UNKNOWN
48,SRD,Shankar Lal Rampal Dye-Chem Limited,NSE,2026-04-23T12:22:25+05:30,"Certificate under SEBI (Depositories and Participants) Regulations, 2018",,ERROR,NEUTRAL,"Classification error: Error code: 429 - {'error': {'message': 'Rate limit reached for model `llama-3.3-70b-versatile` in organization `org_01kmqddqrve9wrn9d2qncqpjbt` service tier `on_demand` on tokens per day (TPD): Limit 100000, Used 99883, Requested 590. Please try again in 6m48.671999999s. Need more tokens? Upgrade to Dev Tier today at https://console.groq.com/settings/billing', 'type': 'tokens', 'code': 'rate_limit_exceeded'}}",WARM,49.0,0.0,,WARM_FILING|CAT_ERROR,,,,,,,,45.27,45.27,-0.2651,-0.2651,-0.6406,-0.6406,-0.9499,-0.9499,0.6236,,,,44.9,45.18,,,,,,,UNKNOWN
49,TRENT,Trent Limited,NSE,2026-04-23T12:21:00+05:30,Copy of Newspaper Publication,Miscellaneous,ERROR,NEUTRAL,"Classification error: Error code: 429 - {'error': {'message': 'Rate limit reached for model `llama-3.3-70b-versatile` in organization `org_01kmqddqrve9wrn9d2qncqpjbt` service tier `on_demand` on tokens per day (TPD): Limit 100000, Used 99883, Requested 578. Please try again in 6m38.304s. Need more tokens? Upgrade to Dev Tier today at https://console.groq.com/settings/billing', 'type': 'tokens', 'code': 'rate_limit_exceeded'}}",WARM,49.0,0.0,,WARM_FILING|CAT_ERROR,,,,,,,,4261.1,4259.0354,0.6172,0.666,1.1711,1.2201,0.8683,0.9172,-1.8844,,,,4409.9,4326.8,,,,,,,UNKNOWN
50,CYIENTDLM,Cyient DLM Limited,NSE,2026-04-23T12:19:25+05:30,Copy of Newspaper Publication,,ERROR,NEUTRAL,"Classification error: Error code: 429 - {'error': {'message': 'Rate limit reached for model `llama-3.3-70b-versatile` in organization `org_01kmqddqrve9wrn9d2qncqpjbt` service tier `on_demand` on tokens per day (TPD): Limit 100000, Used 99883, Requested 580. Please try again in 6m40.032s. Need more tokens? Upgrade to Dev Tier today at https://console.groq.com/settings/billing', 'type': 'tokens', 'code': 'rate_limit_exceeded'}}",WARM,49.0,0.0,,WARM_FILING|CAT_ERROR|OPEN_VWAP_DIVERGENCE,,,,,,,,370.05,367.6594,-0.3648,0.283,-0.7972,-0.1522,-0.8377,-0.193,-0.2534,,,,374.95,374.0,,,,,,,UNKNOWN
52,UJJIVANSFB,Ujjivan Small Finance Bank Limited,NSE,2026-04-23T12:43:02+05:30,General Updates,,ERROR,NEUTRAL,"Classification error: Error code: 429 - {'error': {'message': 'Rate limit reached for model `llama-3.3-70b-versatile` in organization `org_01kmqddqrve9wrn9d2qncqpjbt` service tier `on_demand` on tokens per day (TPD): Limit 100000, Used 99883, Requested 579. Please try again in 6m39.168s. Need more tokens? Upgrade to Dev Tier today at https://console.groq.com/settings/billing', 'type': 'tokens', 'code': 'rate_limit_exceeded'}}",FRESH,49.0,0.0,,FRESH_FILING|CAT_ERROR,,,,,,,,57.98,58.0021,0.3277,0.2895,0.5174,0.4791,0.4139,0.3757,-0.0853,,,,58.64,58.59,,,,,,,UNKNOWN
53,MBAPL,Madhya Bharat Agro Products Limited,NSE,2026-04-23T12:27:28+05:30,Analysts/Institutional Investor Meet/Con. Call Updates,,ERROR,NEUTRAL,"Classification error: Error code: 429 - {'error': {'message': 'Rate limit reached for model `llama-3.3-70b-versatile` in organization `org_01kmqddqrve9wrn9d2qncqpjbt` service tier `on_demand` on tokens per day (TPD): Limit 100000, Used 99883, Requested 588. Please try again in 6m46.943999999s. Need more tokens? Upgrade to Dev Tier today at https://console.groq.com/settings/billing', 'type': 'tokens', 'code': 'rate_limit_exceeded'}}",WARM,49.0,0.0,,WARM_FILING|CAT_ERROR,,,,,,,,506.05,505.1438,0.0296,0.2091,0.1778,0.3576,-0.0198,0.1596,-0.2752,,,,508.8,507.4,,,,,,,UNKNOWN
54,SYMPHONY,Symphony Limited,NSE,2026-04-23T12:25:44+05:30,Updates,Consumer Durables,ERROR,NEUTRAL,"Classification error: Error code: 429 - {'error': {'message': 'Rate limit reached for model `llama-3.3-70b-versatile` in organization `org_01kmqddqrve9wrn9d2qncqpjbt` service tier `on_demand` on tokens per day (TPD): Limit 100000, Used 99883, Requested 579. Please try again in 6m39.168s. Need more tokens? Upgrade to Dev Tier today at https://console.groq.com/settings/billing', 'type': 'tokens', 'code': 'rate_limit_exceeded'}}",WARM,49.0,0.0,,WARM_FILING|CAT_ERROR,,,,,,,,796.9,795.9132,-0.64,-0.5168,0.3137,0.4381,1.738,1.8641,-0.0498,,,,803.1,802.7,,,,,,,UNKNOWN
55,BATAINDIA,Bata India Limited,NSE,2026-04-23T12:22:51+05:30,General Updates,Leather And Leather Products,ERROR,NEUTRAL,"Classification error: Error code: 429 - {'error': {'message': 'Rate limit reached for model `llama-3.3-70b-versatile` in organization `org_01kmqddqrve9wrn9d2qncqpjbt` service tier `on_demand` on tokens per day (TPD): Limit 100000, Used 99883, Requested 444. Please try again in 4m42.528s. Need more tokens? Upgrade to Dev Tier today at https://console.groq.com/settings/billing', 'type': 'tokens', 'code': 'rate_limit_exceeded'}}",WARM,49.0,0.0,,WARM_FILING|CAT_ERROR,,,,,,,,766.2,766.8159,-0.1566,-0.2368,-0.3654,-0.4455,-0.5025,-0.5824,-1.1977,,,,772.3,763.05,,,,,,,UNKNOWN
56,ABDL,Allied Blenders and Distillers Limited,NSE,2026-04-23T15:10:23+05:30,Action(s) taken or orders passed,,ERROR,NEUTRAL,"Classification error: Error code: 429 - {'error': {'message': 'Rate limit reached for model `llama-3.3-70b-versatile` in organization `org_01kmqddqrve9wrn9d2qncqpjbt` service tier `on_demand` on tokens per day (TPD): Limit 100000, Used 99651, Requested 581. Please try again in 3m20.448s. Need more tokens? Upgrade to Dev Tier today at https://console.groq.com/settings/billing', 'type': 'tokens', 'code': 'rate_limit_exceeded'}}",FRESH,49.0,0.0,,FRESH_FILING|CAT_ERROR,,,,,,,,568.0,568.2089,0.0792,0.0424,-0.2465,-0.2832,-0.5282,-0.5647,0.9717,,,,555.75,561.15,,,,,,,UNKNOWN
57,ABREL,Aditya Birla Real Estate Limited,NSE,2026-04-23T15:31:03+05:30,Press Release,,OTHER,NEUTRAL,ABREL issued a press release with no specific details provided.,PRISTINE,49.0,3.0,,PRISTINE_FILING|CAT_OTHER|OPEN_VWAP_DIVERGENCE,,,,,,,,1419.9,1430.2834,0.6127,-0.1177,0.4155,-0.3135,0.5634,-0.1666,,,,,1423.4,,,,,,,,UNKNOWN
58,BIKAJI,Bikaji Foods International Limited,NSE,2026-04-23T15:20:04+05:30,Press Release,,OTHER,NEUTRAL,Bikaji released a press release with no specific details provided.,FRESH,49.0,3.0,,FRESH_FILING|CAT_OTHER,,,,,,,,692.0,691.9365,-0.0145,-0.0053,0.0,0.0092,-0.1951,-0.1859,0.605,,,,686.0,690.15,,,,,,,UNKNOWN
59,DABUR,Dabur India Limited,NSE,2026-04-23T15:45:19+05:30,Appointment,Personal Care,ERROR,NEUTRAL,"Classification error: Error code: 429 - {'error': {'message': 'Rate limit reached for model `llama-3.3-70b-versatile` in organization `org_01kmqddqrve9wrn9d2qncqpjbt` service tier `on_demand` on tokens per day (TPD): Limit 100000, Used 99651, Requested 577. Please try again in 3m16.992s. Need more tokens? Upgrade to Dev Tier today at https://console.groq.com/settings/billing', 'type': 'tokens', 'code': 'rate_limit_exceeded'}}",PRISTINE,49.0,0.0,,PRISTINE_FILING|CAT_ERROR,,,,,,,,458.9,457.9712,-0.8608,-0.6597,-0.414,-0.2121,0.1307,0.3338,,,,,460.0,,,,,,,,UNKNOWN
60,LODHA,Lodha Developers Limited,NSE,2026-04-23T15:31:53+05:30,Allotment of Securities,,ERROR,NEUTRAL,"Classification error: Error code: 429 - {'error': {'message': 'Rate limit reached for model `llama-3.3-70b-versatile` in organization `org_01kmqddqrve9wrn9d2qncqpjbt` service tier `on_demand` on tokens per day (TPD): Limit 100000, Used 99651, Requested 579. Please try again in 3m18.72s. Need more tokens? Upgrade to Dev Tier today at https://console.groq.com/settings/billing', 'type': 'tokens', 'code': 'rate_limit_exceeded'}}",PRISTINE,49.0,0.0,,PRISTINE_FILING|CAT_ERROR|OPEN_VWAP_DIVERGENCE,,,,,,,,878.05,864.3382,-1.3553,0.2096,-1.2072,0.36,-1.0136,0.5567,,,,,856.5,,,,,,,,UNKNOWN
61,EPACK,EPACK Durable Limited,NSE,2026-04-23T15:28:42+05:30,Resignation,,ERROR,NEUTRAL,"Classification error: Error code: 429 - {'error': {'message': 'Rate limit reached for model `llama-3.3-70b-versatile` in organization `org_01kmqddqrve9wrn9d2qncqpjbt` service tier `on_demand` on tokens per day (TPD): Limit 100000, Used 99651, Requested 577. Please try again in 3m16.992s. Need more tokens? Upgrade to Dev Tier today at https://console.groq.com/settings/billing', 'type': 'tokens', 'code': 'rate_limit_exceeded'}}",FRESH,49.0,0.0,,FRESH_FILING|CAT_ERROR,,,,,,,,243.37,243.4268,-0.2424,-0.2657,-0.5588,-0.582,-0.8916,-0.9148,-2.3193,,,,246.2,240.49,,,,,,,UNKNOWN
62,PIDILITIND,Pidilite Industries Limited,NSE,2026-04-23T15:22:17+05:30,Copy of Newspaper Publication,Chemicals - Speciality,ERROR,NEUTRAL,"Classification error: Error code: 429 - {'error': {'message': 'Rate limit reached for model `llama-3.3-70b-versatile` in organization `org_01kmqddqrve9wrn9d2qncqpjbt` service tier `on_demand` on tokens per day (TPD): Limit 100000, Used 99651, Requested 584. Please try again in 3m23.04s. Need more tokens? Upgrade to Dev Tier today at https://console.groq.com/settings/billing', 'type': 'tokens', 'code': 'rate_limit_exceeded'}}",FRESH,49.0,0.0,,FRESH_FILING|CAT_ERROR,,,,,,,,1405.6,1405.3761,-0.0498,-0.0339,-0.0213,-0.0054,-0.2419,-0.226,-1.0515,,,,1417.0,1402.1,,,,,,,UNKNOWN
63,INDOSTAR,IndoStar Capital Finance Limited,NSE,2026-04-23T15:20:35+05:30,Allotment of Securities,,ERROR,NEUTRAL,"Classification error: Error code: 429 - {'error': {'message': 'Rate limit reached for model `llama-3.3-70b-versatile` in organization `org_01kmqddqrve9wrn9d2qncqpjbt` service tier `on_demand` on tokens per day (TPD): Limit 100000, Used 99651, Requested 580. Please try again in 3m19.584s. Need more tokens? Upgrade to Dev Tier today at https://console.groq.com/settings/billing', 'type': 'tokens', 'code': 'rate_limit_exceeded'}}",FRESH,49.0,0.0,,FRESH_FILING|CAT_ERROR,,,,,,,,199.22,199.0494,-0.3062,-0.2207,-0.9537,-0.8688,-0.6124,-0.5272,-2.9718,,,,201.9,195.9,,,,,,,UNKNOWN
64,COALINDIA,Coal India Limited,NSE,2026-04-23T15:16:21+05:30,Credit Rating,Mining,ERROR,NEUTRAL,"Classification error: Error code: 429 - {'error': {'message': 'Rate limit reached for model `llama-3.3-70b-versatile` in organization `org_01kmqddqrve9wrn9d2qncqpjbt` service tier `on_demand` on tokens per day (TPD): Limit 100000, Used 99748, Requested 578. Please try again in 4m41.664s. Need more tokens? Upgrade to Dev Tier today at https://console.groq.com/settings/billing', 'type': 'tokens', 'code': 'rate_limit_exceeded'}}",FRESH,49.0,0.0,,FRESH_FILING|CAT_ERROR,,,,,,,,448.5,449.3586,0.5017,0.3096,0.5797,0.3875,0.301,0.1094,1.4178,,,,444.35,450.65,,,,,,,UNKNOWN
65,NUCLEUS,Nucleus Software Exports Limited,NSE,2026-04-23T15:09:43+05:30,Copy of Newspaper Publication,Computers - Software,ERROR,NEUTRAL,"Classification error: Error code: 429 - {'error': {'message': 'Rate limit reached for model `llama-3.3-70b-versatile` in organization `org_01kmqddqrve9wrn9d2qncqpjbt` service tier `on_demand` on tokens per day (TPD): Limit 100000, Used 99748, Requested 582. Please try again in 4m45.12s. Need more tokens? Upgrade to Dev Tier today at https://console.groq.com/settings/billing', 'type': 'tokens', 'code': 'rate_limit_exceeded'}}",FRESH,49.0,0.0,,FRESH_FILING|CAT_ERROR,,,,,,,,799.05,797.045,0.0751,0.3268,-0.2315,0.0194,-0.4568,-0.2064,-1.075,,,,800.0,791.4,,,,,,,UNKNOWN
66,KIMS,Krishna Institute of Medical Sciences Limited,NSE,2026-04-23T15:47:57+05:30,Updates,,ERROR,NEUTRAL,"Classification error: Error code: 429 - {'error': {'message': 'Rate limit reached for model `llama-3.3-70b-versatile` in organization `org_01kmqddqrve9wrn9d2qncqpjbt` service tier `on_demand` on tokens per day (TPD): Limit 100000, Used 99748, Requested 575. Please try again in 4m39.072s. Need more tokens? Upgrade to Dev Tier today at https://console.groq.com/settings/billing', 'type': 'tokens', 'code': 'rate_limit_exceeded'}}",PRISTINE,49.0,0.0,,PRISTINE_FILING|CAT_ERROR|OPEN_VWAP_DIVERGENCE,,,,,,,,678.0,653.4023,-2.5811,1.0863,-2.6549,1.0097,-4.0339,-0.4212,,,,,654.95,,,,,,,,UNKNOWN
67,UNIMECH,Unimech Aerospace and Manufacturing Limited,NSE,2026-04-23T15:47:04+05:30,Analysts/Institutional Investor Meet/Con. Call Updates,,ERROR,NEUTRAL,"Classification error: Error code: 429 - {'error': {'message': 'Rate limit reached for model `llama-3.3-70b-versatile` in organization `org_01kmqddqrve9wrn9d2qncqpjbt` service tier `on_demand` on tokens per day (TPD): Limit 100000, Used 99748, Requested 588. Please try again in 4m50.304s. Need more tokens? Upgrade to Dev Tier today at https://console.groq.com/settings/billing', 'type': 'tokens', 'code': 'rate_limit_exceeded'}}",PRISTINE,49.0,0.0,,PRISTINE_FILING|CAT_ERROR,,,,,,,,1024.0,1025.2517,0.6348,0.5119,0.625,0.5021,-1.2207,-1.3413,,,,,1019.65,,,,,,,,UNKNOWN
68,MARUTI,Maruti Suzuki India Limited,NSE,2026-04-23T15:37:46+05:30,Analysts/Institutional Investor Meet/Con. Call Updates,Automobiles - 4 Wheelers,ERROR,NEUTRAL,"Classification error: Error code: 429 - {'error': {'message': 'Rate limit reached for model `llama-3.3-70b-versatile` in organization `org_01kmqddqrve9wrn9d2qncqpjbt` service tier `on_demand` on tokens per day (TPD): Limit 100000, Used 99748, Requested 594. Please try again in 4m55.488s. Need more tokens? Upgrade to Dev Tier today at https://console.groq.com/settings/billing', 'type': 'tokens', 'code': 'rate_limit_exceeded'}}",PRISTINE,49.0,0.0,,PRISTINE_FILING|CAT_ERROR,,,,,,,,13250.0,13202.9559,0.4604,0.8183,0.0075,0.3639,0.1887,0.5457,,,,,13160.0,,,,,,,,UNKNOWN
69,BALRAMCHIN,Balrampur Chini Mills Limited,NSE,2026-04-23T15:33:02+05:30,Updates,Sugar,ERROR,NEUTRAL,"Classification error: Error code: 429 - {'error': {'message': 'Rate limit reached for model `llama-3.3-70b-versatile` in organization `org_01kmqddqrve9wrn9d2qncqpjbt` service tier `on_demand` on tokens per day (TPD): Limit 100000, Used 99748, Requested 577. Please try again in 4m40.8s. Need more tokens? Upgrade to Dev Tier today at https://console.groq.com/settings/billing', 'type': 'tokens', 'code': 'rate_limit_exceeded'}}",PRISTINE,49.0,0.0,,PRISTINE_FILING|CAT_ERROR,,,,,,,,543.7,545.344,0.515,0.212,1.2415,0.9363,0.9748,0.6704,,,,,540.3,,,,,,,,UNKNOWN
70,CENTURYPLY,Century Plyboards (India) Limited,NSE,2026-04-23T15:29:49+05:30,Updates,Construction,ERROR,NEUTRAL,"Classification error: Error code: 429 - {'error': {'message': 'Rate limit reached for model `llama-3.3-70b-versatile` in organization `org_01kmqddqrve9wrn9d2qncqpjbt` service tier `on_demand` on tokens per day (TPD): Limit 100000, Used 99748, Requested 576. Please try again in 4m39.936s. Need more tokens? Upgrade to Dev Tier today at https://console.groq.com/settings/billing', 'type': 'tokens', 'code': 'rate_limit_exceeded'}}",PRISTINE,49.0,0.0,,PRISTINE_FILING|CAT_ERROR|OPEN_VWAP_DIVERGENCE,,,,,,,,780.35,784.3097,0.1794,-0.3264,0.1858,-0.32,-0.1922,-0.6961,1.607,,,,774.75,787.2,,,,,,,UNKNOWN
71,RELAXO,Relaxo Footwears Limited,NSE,2026-04-23T15:27:55+05:30,Updates,Leather And Leather Products,ERROR,NEUTRAL,"Classification error: Error code: 429 - {'error': {'message': 'Rate limit reached for model `llama-3.3-70b-versatile` in organization `org_01kmqddqrve9wrn9d2qncqpjbt` service tier `on_demand` on tokens per day (TPD): Limit 100000, Used 99748, Requested 579. Please try again in 4m42.528s. Need more tokens? Upgrade to Dev Tier today at https://console.groq.com/settings/billing', 'type': 'tokens', 'code': 'rate_limit_exceeded'}}",FRESH,49.0,0.0,,FRESH_FILING|CAT_ERROR,,,,,,,,312.46,312.4453,-0.3776,-0.373,0.1056,0.1103,-0.3904,-0.3858,-0.3027,,,,310.5,309.56,,,,,,,UNKNOWN
72,ACMESOLAR,Acme Solar Holdings Limited,NSE,2026-04-23T15:18:18+05:30,Updates,,ERROR,NEUTRAL,"Classification error: Error code: 429 - {'error': {'message': 'Rate limit reached for model `llama-3.3-70b-versatile` in organization `org_01kmqddqrve9wrn9d2qncqpjbt` service tier `on_demand` on tokens per day (TPD): Limit 100000, Used 99748, Requested 577. Please try again in 4m40.8s. Need more tokens? Upgrade to Dev Tier today at https://console.groq.com/settings/billing', 'type': 'tokens', 'code': 'rate_limit_exceeded'}}",FRESH,49.0,0.0,,FRESH_FILING|CAT_ERROR,,,,,,,,309.3,310.7321,0.2586,-0.2034,0.2586,-0.2034,0.2586,-0.2034,2.2487,,,,302.4,309.2,,,,,,,UNKNOWN
73,JIOFIN,Jio Financial Services Limited,NSE,2026-04-23T15:13:52+05:30,Analysts/Institutional Investor Meet/Con. Call Updates,,ERROR,NEUTRAL,"Classification error: Error code: 429 - {'error': {'message': 'Rate limit reached for model `llama-3.3-70b-versatile` in organization `org_01kmqddqrve9wrn9d2qncqpjbt` service tier `on_demand` on tokens per day (TPD): Limit 100000, Used 99748, Requested 588. Please try again in 4m50.304s. Need more tokens? Upgrade to Dev Tier today at https://console.groq.com/settings/billing', 'type': 'tokens', 'code': 'rate_limit_exceeded'}}",FRESH,49.0,0.0,,FRESH_FILING|CAT_ERROR,,,,,,,,249.16,249.2139,-0.0281,-0.0497,-0.305,-0.3266,0.305,0.2833,4.2818,,,,238.45,248.66,,,,,,,UNKNOWN
74,RBLBANK,RBL Bank Limited,NSE,2026-04-23T15:07:59+05:30,Updates,,ERROR,NEUTRAL,"Classification error: Error code: 429 - {'error': {'message': 'Rate limit reached for model `llama-3.3-70b-versatile` in organization `org_01kmqddqrve9wrn9d2qncqpjbt` service tier `on_demand` on tokens per day (TPD): Limit 100000, Used 99748, Requested 577. Please try again in 4m40.8s. Need more tokens? Upgrade to Dev Tier today at https://console.groq.com/settings/billing', 'type': 'tokens', 'code': 'rate_limit_exceeded'}}",FRESH,49.0,0.0,,FRESH_FILING|CAT_ERROR,,,,,,,,312.65,313.1726,0.2399,0.0726,0.096,-0.0711,-0.08,-0.2467,-1.807,,,,318.2,312.45,,,,,,,UNKNOWN
75,NUVAMA,Nuvama Wealth Management Limited,NSE,2026-04-23T15:06:06+05:30,General Updates,,ERROR,NEUTRAL,"Classification error: Error code: 429 - {'error': {'message': 'Rate limit reached for model `llama-3.3-70b-versatile` in organization `org_01kmqddqrve9wrn9d2qncqpjbt` service tier `on_demand` on tokens per day (TPD): Limit 100000, Used 99748, Requested 577. Please try again in 4m40.8s. Need more tokens? Upgrade to Dev Tier today at https://console.groq.com/settings/billing', 'type': 'tokens', 'code': 'rate_limit_exceeded'}}",FRESH,49.0,0.0,,FRESH_FILING|CAT_ERROR,,,,,,,,1368.4,1369.5566,0.0438,-0.0406,0.0219,-0.0625,0.3142,0.2295,0.5992,,,,1368.5,1376.7,,,,,,,UNKNOWN
